YEAR,SUBRGN,SRNAME,SRNAMEPCAP,SRHTIAN,SRHTIOZ,SRHTIANT,SRHTIOZT,SRNGENAN,SRNGENOZ,SRNOXAN,SRNOXOZ,SRSO2AN,SRCO2AN,SRCH4AN,SRN2OAN,SRCO2EQA,SRHGAN,SRNOXRTA,SRNOXRTO,SRSO2RTA,SRCO2RTA,SRCH4RTA,SRN2ORTA,SRC2ERTA,SRHGRTA,SRNOXRA,SRNOXRO,SRSO2RA,SRCO2RA,SRCH4RA,SRN2ORA,SRC2ERA,SRHGRA,SRNOXCRT,SRNOXCRO,SRSO2CRT,SRCO2CRT,SRCH4CRT,SRN2OCRT,SRC2ECRT,SRHGCRT,SRCNOXRT,SRONOXRT,SRGNOXRT,SRFSNXRT,SRCNXORT,SRONXORT,SRGNXORT,SRFSNORT,SRCSO2RT,SROSO2RT,SRGSO2RT,SRFSS2RT,SRCCO2RT,SROCO2RT,SRGCO2RT,SRFSC2RT,SRCCH4RT,SROCH4RT,SRGCH4RT,SRFCH4RT,SRCN2ORT,SRON2ORT,SRGN2ORT,SRFN2ORT,SRCC2ERT,SROC2ERT,SRGC2ERT,SRFSC2ERT,SRCHGRT,SRFSHGRT,SRCNOXR,SRONOXR,SRGNOXR,SRFSNXR,SRCNXOR,SRONXOR,SRGNXOR,SRFSNOR,SRCSO2R,SROSO2R,SRGSO2R,SRFSS2R,SRCCO2R,SROCO2R,SRGCO2R,SRFSC2R,SRCCH4R,SROCH4R,SRGCH4R,SRFCH4R,SRCN2OR,SRON2OR,SRGN2OR,SRFN2OR,SRCC2ER,SROC2ER,SRGC2ER,SRFSC2ER,SRCHGR,SRFSHGR,SRNBNOX,SRNBNXO,SRNBSO2,SRNBCO2,SRNBCH4,SRNBN2O,SRNBC2E,SRNBHG,SRGENACL,SRGENAOL,SRGENAGS,SRGENANC,SRGENAHY,SRGENABM,SRGENAWI,SRGENASO,SRGENAGT,SRGENAOF,SRGENAOP,SRGENATN,SRGENATR,SRGENATH,SRGENACY,SRGENACN,SRCLPR,SROLPR,SRGSPR,SRNCPR,SRHYPR,SRBMPR,SRWIPR,SRSOPR,SRGTPR,SROFPR,SROPPR,SRTNPR,SRTRPR,SRTHPR,SRCYPR,SRCNPR,SRNBGNCL,SRNBGNOL,SRNBGNGS,SRNBGNNC,SRNBGNHY,SRNBGNBM,SRNBGNWI,SRNBGNSO,SRNBGNGT,SRNBGNOF,SRNBGNOP,SRNBCLPR,SRNBOLPR,SRNBGSPR,SRNBNCPR,SRNBHYPR,SRNBBMPR,SRNBWIPR,SRNBSOPR,SRNBGTPR,SRNBOFPR,SRNBOPPR
2020.00,AKGD,ASCC Alaska Grid,2460.80,35353231.62,13385549.99,42326085.62,16491376.99,4659917.00,1811167.00,13943.39,5325.41,1293.15,2557432.36,464138.50,63655.88,2572718.82,--,5.98,5.88,0.56,1097.63,0.10,0.01,1104.19,--,0.79,0.80,0.07,144.68,0.01,0.00,145.54,--,7.22,7.09,0.67,1323.34,0.12,0.02,1331.25,--,1.26,8.32,8.80,7.28,1.28,8.60,8.83,7.39,1.48,2.53,0.03,0.67,2306.09,1578.17,1001.40,1335.83,0.26,0.40,0.02,0.12,0.04,0.06,0.00,0.02,2323.81,1604.81,1002.44,1343.82,--,--,0.12,0.88,1.03,0.80,0.12,0.90,1.02,0.81,0.14,0.27,0.00,0.07,212.83,167.43,116.89,146.35,0.02,0.04,0.00,0.01,0.00,0.01,0.00,0.00,214.47,170.26,117.01,147.23,--,--,6.76,6.97,0.73,1315.10,0.13,0.02,1323.41,--,721788.94,576868.40,2530316.37,0.00,697670.00,38945.27,97138.00,0.00,0.00,0.00,-2810.00,3826163.71,833753.27,136083.27,3865108.98,794808.00,0.15,0.12,0.54,0.00,0.15,0.01,0.02,0.00,0.00,0.00,0.00,0.82,0.18,0.03,0.83,0.17,411980.70,429383.98,1547155.55,0.00,0.00,26834.74,0.00,0.00,0.00,0.00,0.00,0.17,0.18,0.64,0.00,0.00,0.01,0.00,0.00,0.00,0.00,0.00
2020.00,AKMS,ASCC Miscellaneous,1073.00,5314494.60,2167209.08,13916226.58,6059802.05,1496129.99,656049.00,6215.31,2617.66,533.24,399521.69,40296.27,6843.61,401045.09,--,8.31,7.98,0.71,534.07,0.03,0.01,536.11,--,2.34,2.42,0.20,150.35,0.01,0.00,150.93,--,24.09,23.14,2.07,1548.57,0.08,0.01,1554.47,--,0.00,28.68,4.50,23.72,0.00,28.72,4.50,24.29,0.00,2.55,0.04,2.04,0.00,1508.21,1601.57,1527.34,0.00,0.09,0.03,0.08,0.00,0.02,0.00,0.01,0.00,1515.12,1603.23,1533.17,--,--,0.00,3.10,0.33,2.33,0.00,3.10,0.33,2.41,0.00,0.28,0.00,0.20,0.00,163.03,116.89,150.28,0.00,0.01,0.00,0.01,0.00,0.00,0.00,0.00,0.00,163.77,117.01,150.85,--,--,24.22,24.79,2.07,1517.68,0.07,0.01,1522.83,--,0.00,406069.66,110443.42,0.00,948747.00,119.39,31395.00,0.00,0.00,0.00,-644.00,515869.08,980261.39,31514.39,515988.46,980142.00,0.00,0.27,0.07,0.00,0.63,0.00,0.02,0.00,0.00,0.00,0.00,0.34,0.66,0.02,0.34,0.66,0.00,384477.65,95102.36,0.00,0.00,0.00,0.00,0.00,0.00,0.00,0.00,0.00,0.80,0.20,0.00,0.00,0.00,0.00,0.00,0.00,0.00,0.00
2020.00,AZNM,WECC Southwest,73364.00,953249089.78,473178764.39,1164447327.11,569966868.20,165394893.33,79793567.89,39758.33,19923.99,12836.21,70012955.64,8862602.71,1222490.59,70305889.28,--,0.48,0.50,0.16,846.62,0.05,0.01,850.16,--,0.08,0.08,0.03,146.89,0.01,0.00,147.51,--,0.73,0.76,0.24,1279.54,0.08,0.01,1284.90,--,1.63,31.83,0.43,0.72,1.60,31.78,0.45,0.73,0.85,18.26,0.01,0.21,2404.67,5901.04,924.80,1281.40,0.26,0.24,0.02,0.08,0.04,0.05,0.00,0.01,2422.50,5921.22,925.76,1286.43,--,--,0.14,0.88,0.06,0.08,0.14,0.88,0.06,0.08,0.07,0.51,0.00,0.02,207.89,163.33,119.49,147.94,0.02,0.01,0.00,0.01,0.00,0.00,0.00,0.00,209.44,163.88,119.62,148.52,--,--,0.84,0.85,0.25,1368.62,0.09,0.01,1374.61,--,26535437.31,73013.16,82187495.44,31552433.00,5604776.00,619734.41,4290331.00,8585802.61,5927125.00,0.00,18746.00,140367124.90,25027769.02,19422993.02,109434426.31,55960467.61,0.16,0.00,0.50,0.19,0.03,0.00,0.03,0.05,0.04,0.00,0.00,0.85,0.15,0.12,0.66,0.34,19352852.11,23.00,47586118.74,0.00,0.00,106255.81,0.00,0.00,0.00,0.00,0.00,0.29,0.00,0.71,0.00,0.00,0.00,0.00,0.00,0.00,0.00,0.00
2020.00,CAMX,WECC California,124782.20,851051673.05,381804634.04,1501660963.08,721099573.13,196129977.92,93303380.92,46565.24,21113.06,4301.25,50351935.37,6314516.59,805000.75,50550811.93,--,0.48,0.45,0.04,513.46,0.03,0.00,515.48,--,0.11,0.11,0.01,118.33,0.01,0.00,118.80,--,0.87,0.83,0.08,942.58,0.06,0.01,946.30,--,2.49,8.70,0.64,0.76,2.56,8.41,0.67,0.79,0.62,0.59,0.01,0.05,1997.69,1858.89,895.91,972.94,0.24,0.02,0.02,0.03,0.03,0.00,0.00,0.00,2013.97,1860.46,896.80,974.92,--,--,0.26,0.93,0.08,0.10,0.27,0.89,0.09,0.10,0.06,0.06,0.00,0.01,205.13,198.01,117.99,125.86,0.02,0.00,0.00,0.00,0.00,0.00,0.00,0.00,206.81,198.17,118.11,126.12,--,--,0.86,0.89,0.07,1006.54,0.05,0.01,1009.92,--,7033070.95,61649.80,92280167.53,16258698.00,16759969.00,5414116.01,14173588.00,33870478.07,8228121.00,1522717.25,527403.27,117683706.80,78446272.08,61686303.08,106839124.81,89290854.07,0.04,0.00,0.47,0.08,0.09,0.03,0.07,0.17,0.04,0.01,0.00,0.60,0.40,0.31,0.54,0.46,5624870.45,100456.08,57608095.96,0.00,0.00,1840768.93,0.00,0.00,0.00,263215.06,0.00,0.09,0.00,0.88,0.00,0.00,0.03,0.00,0.00,0.00,0.00,0.00
2020.00,ERCT,ERCOT All,186698.80,2287894171.89,1138180542.69,3099080950.41,1472278878.62,414911395.76,195285208.03,93804.95,44603.31,108997.62,169823315.54,21579258.87,2991116.22,170536687.73,--,0.45,0.46,0.53,818.60,0.05,0.01,822.04,--,0.08,0.08,0.10,148.45,0.01,0.00,149.08,--,0.67,0.68,0.78,1213.99,0.08,0.01,1219.09,--,1.20,3.88,0.50,0.67,1.22,3.74,0.47,0.65,3.07,10.49,0.01,0.78,2284.30,2196.92,871.73,1220.95,0.26,0.05,0.02,0.08,0.04,0.01,0.00,0.01,2302.13,2201.07,872.61,1226.06,--,--,0.11,0.30,0.07,0.08,0.11,0.30,0.06,0.08,0.28,0.82,0.00,0.10,210.61,171.40,118.41,148.95,0.02,0.00,0.00,0.01,0.00,0.00,0.00,0.00,212.25,171.72,118.53,149.58,--,--,0.76,0.73,0.90,1296.56,0.09,0.01,1302.28,--,68260811.25,125394.54,208098544.96,41438705.00,758916.61,769375.00,84435947.42,8500002.24,0.00,2090077.27,433621.00,320447154.02,94464241.27,93705324.66,279777824.03,135133571.27,0.16,0.00,0.50,0.10,0.00,0.00,0.20,0.02,0.00,0.01,0.00,0.77,0.23,0.23,0.67,0.33,41943362.41,149008.87,103160161.10,0.00,0.00,124403.19,0.00,0.00,0.00,1783436.35,0.00,0.29,0.00,0.70,0.00,0.00,0.00,0.00,0.00,0.00,0.01,0.00
2020.00,FRCC,FRCC All,105763.60,1575690143.61,743198801.69,1641967849.42,769723311.71,241403268.45,112518066.10,34798.23,16241.37,18355.99,100795432.62,11905306.79,1549543.31,101175130.90,--,0.29,0.29,0.15,835.08,0.05,0.01,838.23,--,0.04,0.04,0.02,127.94,0.01,0.00,128.42,--,0.34,0.34,0.18,980.47,0.06,0.01,984.16,--,0.43,9.33,0.22,0.25,0.45,9.36,0.21,0.25,0.73,4.72,0.05,0.15,1502.40,1915.39,893.90,982.47,0.13,0.10,0.02,0.04,0.02,0.02,0.00,0.00,1511.23,1924.07,895.08,984.77,--,--,0.05,0.78,0.03,0.03,0.05,0.79,0.03,0.03,0.08,0.40,0.01,0.02,169.65,160.35,122.33,130.43,0.01,0.01,0.00,0.00,0.00,0.00,0.00,0.00,170.65,161.08,122.50,130.74,--,--,0.33,0.33,0.20,1011.04,0.05,0.01,1014.39,--,15879326.66,1694010.69,181762257.50,29419352.00,231680.00,4958836.99,0.00,6145870.00,0.00,1379.22,1310555.25,230066881.31,11336386.99,11104706.99,205606366.30,35796902.00,0.07,0.01,0.75,0.12,0.00,0.02,0.00,0.03,0.00,0.00,0.01,0.95,0.05,0.05,0.85,0.15,21664148.25,7417.00,111213116.95,0.00,0.00,2230691.44,0.00,0.00,0.00,0.00,0.00,0.16,0.00,0.82,0.00,0.00,0.02,0.00,0.00,0.00,0.00,0.00
2020.00,HIMS,HICC Miscellaneous,1450.50,19183039.94,7241628.11,24715758.94,9704172.12,2450535.00,983730.41,9245.23,3580.00,4803.91,1400759.45,268824.40,42666.58,1410434.75,--,7.55,7.28,3.92,1143.23,0.11,0.02,1151.12,--,0.96,0.99,0.50,146.04,0.01,0.00,147.05,--,10.16,9.80,5.28,1539.40,0.15,0.02,1550.03,--,0.00,11.18,0.00,11.18,0.00,11.17,0.00,11.17,0.00,5.49,0.00,5.49,0.00,1716.22,0.00,1716.22,0.00,0.14,0.00,0.14,0.00,0.02,0.00,0.02,0.00,1726.24,0.00,1726.24,--,--,0.00,1.06,0.00,1.06,0.00,1.04,0.00,1.04,0.00,0.52,0.00,0.52,0.00,162.58,0.00,162.58,0.00,0.01,0.00,0.01,0.00,0.00,0.00,0.00,0.00,163.53,0.00,163.53,--,--,11.39,11.44,5.02,1542.05,0.13,0.02,1551.84,--,0.00,1632605.93,0.00,0.00,98820.00,65260.81,396217.00,125976.00,9640.00,0.00,122015.40,1754621.33,695913.81,597093.81,1819882.14,630653.00,0.00,0.67,0.00,0.00,0.04,0.03,0.16,0.05,0.00,0.00,0.05,0.72,0.28,0.24,0.74,0.26,0.00,1166896.85,0.00,0.00,0.00,21078.77,0.00,0.00,0.00,0.00,0.00,0.00,0.98,0.00,0.00,0.00,0.02,0.00,0.00,0.00,0.00,0.00
2020.00,HIOA,HICC Oahu,2686.40,65529876.63,27153853.24,70304989.63,29467415.24,6618705.00,2787505.00,12733.46,5238.46,22407.80,5470199.21,1177872.77,179519.43,5511671.01,--,3.85,3.76,6.77,1652.95,0.18,0.03,1665.48,--,0.39,0.39,0.68,166.95,0.02,0.00,168.22,--,4.19,4.10,7.38,1801.06,0.19,0.03,1814.72,--,2.81,4.35,0.00,4.02,2.80,4.31,0.00,4.01,5.96,8.38,0.00,7.87,2378.89,1625.29,0.00,1782.41,0.28,0.07,0.00,0.12,0.04,0.01,0.00,0.02,2398.05,1631.33,0.00,1791.19,--,--,0.25,0.44,0.00,0.40,0.25,0.43,0.00,0.39,0.54,0.84,0.00,0.77,213.89,163.34,0.00,174.84,0.03,0.01,0.00,0.01,0.00,0.00,0.00,0.00,215.62,163.95,0.00,175.70,--,--,4.55,4.50,7.89,1753.51,0.18,0.03,1766.01,--,1165146.70,4516599.41,0.00,0.00,0.00,389789.09,186242.00,358054.00,0.00,2874.05,0.00,5684620.16,934085.09,934085.09,6074409.25,544296.00,0.18,0.68,0.00,0.00,0.00,0.06,0.03,0.05,0.00,0.00,0.00,0.86,0.14,0.14,0.92,0.08,264789.86,2947914.03,0.00,0.00,0.00,259795.22,0.00,0.00,0.00,0.00,0.00,0.08,0.85,0.00,0.00,0.00,0.07,0.00,0.00,0.00,0.00,0.00
2020.00,MROE,MRO East,11037.10,185111639.40,88340945.16,204994294.32,95911949.15,20714884.76,9370049.63,10099.53,4732.25,4032.20,15809334.82,2885248.45,421153.22,15907260.24,--,0.98,1.01,0.39,1526.37,0.14,0.02,1535.83,--,0.11,0.11,0.04,170.81,0.02,0.00,171.87,--,1.10,1.13,0.44,1713.89,0.16,0.02,1724.50,--,0.78,0.82,1.40,1.03,0.76,0.84,1.50,1.06,0.49,2.33,0.15,0.37,2222.12,1417.17,1152.65,1787.25,0.25,0.26,0.02,0.16,0.04,0.04,0.00,0.02,2239.17,1434.88,1154.03,1798.02,--,--,0.07,0.09,0.15,0.10,0.07,0.09,0.14,0.10,0.05,0.24,0.02,0.04,209.64,148.50,118.99,174.78,0.02,0.03,0.00,0.02,0.00,0.00,0.00,0.00,211.24,150.35,119.13,175.83,--,--,1.12,1.15,0.40,1628.85,0.14,0.02,1638.47,--,10581044.33,104120.32,7021493.52,0.00,1424752.85,720829.84,814850.00,26743.00,0.00,14774.76,6275.90,17727708.82,2987175.69,1562422.84,18448538.66,2266345.85,0.51,0.01,0.34,0.00,0.07,0.03,0.04,0.00,0.00,0.00,0.00,0.86,0.14,0.08,0.89,0.11,6128766.53,141203.00,5447332.10,0.00,0.00,554958.85,0.00,0.00,0.00,0.00,0.00,0.50,0.01,0.44,0.00,0.00,0.05,0.00,0.00,0.00,0.00,0.00
2020.00,MROW,MRO West,87542.40,1150386854.60,508819922.40,1935910722.73,806951933.29,227120021.47,93979840.06,82707.72,35522.68,106515.38,111236072.08,23689167.63,3422709.14,112042170.34,--,0.73,0.76,0.94,979.54,0.10,0.02,986.63,--,0.14,0.14,0.19,193.39,0.02,0.00,194.79,--,1.45,1.51,1.87,1950.16,0.21,0.03,1964.29,--,1.70,4.17,0.33,1.42,1.65,5.49,0.36,1.38,2.39,0.66,0.01,1.88,2265.36,1214.01,920.26,1975.99,0.25,0.06,0.02,0.20,0.04,0.01,0.00,0.03,2282.64,1218.31,921.26,1989.77,--,--,0.16,0.54,0.04,0.14,0.16,0.58,0.05,0.14,0.22,0.09,0.00,0.19,211.68,157.75,118.26,196.18,0.02,0.01,0.00,0.02,0.00,0.00,0.00,0.00,213.29,158.31,118.39,197.55,--,--,1.33,1.30,1.64,1809.95,0.19,0.03,1822.51,--,86817249.57,223049.96,24680872.14,23770702.00,13078772.28,1965834.13,74428970.71,1762556.53,0.00,52559.62,339454.49,135883887.76,91236133.65,78157361.37,114079019.89,113041001.52,0.38,0.00,0.11,0.10,0.06,0.01,0.33,0.01,0.00,0.00,0.00,0.60,0.40,0.34,0.50,0.50,40772120.87,191976.76,18297262.82,0.00,0.00,1056902.31,0.00,0.00,0.00,0.00,0.00,0.68,0.00,0.30,0.00,0.00,0.02,0.00,0.00,0.00,0.00,0.00
2020.00,NEWE,NPCC New England,47293.00,475594753.30,224224562.71,587574072.41,261424054.79,96795891.45,43260876.83,17564.90,7643.05,4069.98,25565657.25,7178113.39,937474.58,25795067.01,--,0.36,0.35,0.08,528.24,0.07,0.01,532.98,--,0.07,0.07,0.02,107.51,0.02,0.00,108.47,--,0.59,0.58,0.14,864.66,0.12,0.02,872.42,--,2.86,12.47,0.21,0.24,6.25,7.54,0.22,0.23,1.49,5.64,0.01,0.02,2277.02,3374.67,850.54,857.60,0.28,0.10,0.02,0.02,0.04,0.02,0.00,0.00,2296.41,3382.86,851.41,858.53,--,--,0.26,0.55,0.03,0.03,0.44,0.32,0.03,0.03,0.13,0.25,0.00,0.00,204.47,148.88,118.92,119.38,0.03,0.00,0.00,0.00,0.00,0.00,0.00,0.00,206.21,149.24,119.04,119.51,--,--,0.40,0.35,0.11,882.51,0.07,0.01,886.94,--,164880.67,149803.88,51524345.36,25580051.00,6295325.06,7057553.43,3758393.04,2027779.24,0.00,142158.73,95602.00,77656841.62,19139050.77,12843725.71,59134344.06,37661548.34,0.00,0.00,0.53,0.26,0.07,0.07,0.04,0.02,0.00,0.00,0.00,0.80,0.20,0.13,0.61,0.39,128661.00,78049.01,27612862.16,0.00,0.00,2072763.23,0.00,0.00,0.00,0.00,0.00,0.00,0.00,0.92,0.00,0.00,0.07,0.00,0.00,0.00,0.00,0.00
2020.00,NWPP,WECC Northwest,96705.00,1025563525.43,398440262.27,2487596162.69,1058211693.48,286004986.17,120907138.88,72110.63,28569.12,48381.60,85796738.66,16145980.07,2311381.26,86342959.06,--,0.50,0.47,0.34,599.97,0.06,0.01,603.79,--,0.14,0.14,0.09,167.32,0.02,0.00,168.38,--,1.31,1.23,0.88,1559.88,0.15,0.02,1569.81,--,2.02,1.47,0.54,1.28,2.05,1.50,0.54,1.33,1.59,17.62,0.01,0.87,2319.02,1815.66,899.34,1607.48,0.26,0.05,0.02,0.14,0.04,0.01,0.00,0.02,2337.07,1820.07,900.25,1616.91,--,--,0.18,0.18,0.07,0.14,0.18,0.18,0.07,0.14,0.14,2.19,0.00,0.09,207.92,225.45,118.70,171.87,0.02,0.01,0.00,0.01,0.00,0.00,0.00,0.00,209.53,226.00,118.82,172.88,--,--,1.48,1.49,0.84,1653.00,0.16,0.02,1663.80,--,52353814.54,522166.40,53013060.05,9427050.00,131014142.53,3152239.54,28972475.18,4862378.04,1724811.00,702226.74,260620.97,116278938.70,169726046.29,38711903.76,110004128.24,176000856.75,0.18,0.00,0.19,0.03,0.46,0.01,0.10,0.02,0.01,0.00,0.00,0.41,0.59,0.14,0.38,0.62,29443787.46,23496.78,24226991.52,0.00,0.00,1646817.26,0.00,0.00,0.00,17702.16,0.00,0.53,0.00,0.44,0.00,0.00,0.03,0.00,0.00,0.00,0.00,0.00
2020.00,NYCW,NPCC NYC/Westchester,18809.70,212493114.54,109391515.69,212970985.54,109625495.69,39727442.06,17850456.04,4414.01,2144.88,208.35,12605746.51,892617.80,104514.60,12632476.91,--,0.22,0.24,0.01,634.61,0.02,0.00,635.96,--,0.04,0.04,0.00,118.65,0.00,0.00,118.90,--,0.32,0.34,0.02,905.23,0.03,0.00,907.15,--,0.00,15.85,0.24,0.25,0.00,12.25,0.24,0.25,0.00,1.41,0.01,0.01,0.00,3560.86,888.15,890.06,0.00,0.05,0.01,0.01,0.00,0.01,0.00,0.00,0.00,3564.26,888.97,890.88,--,--,0.00,0.73,0.03,0.03,0.00,0.45,0.03,0.03,0.00,0.06,0.00,0.00,0.00,163.36,118.84,118.93,0.00,0.00,0.00,0.00,0.00,0.00,0.00,0.00,0.00,163.51,118.95,119.04,--,--,0.36,0.36,0.01,970.21,0.02,0.00,971.42,--,0.00,30467.92,27451281.52,11867904.00,0.00,369148.00,0.00,8641.00,0.00,0.00,0.00,39349653.44,377789.00,377789.00,27850897.44,11876545.00,0.00,0.00,0.69,0.30,0.00,0.01,0.00,0.00,0.00,0.00,0.00,0.99,0.01,0.01,0.70,0.30,0.00,19595.00,15535274.76,0.00,0.00,57915.81,0.00,0.00,0.00,0.00,0.00,0.00,0.00,1.00,0.00,0.00,0.00,0.00,0.00,0.00,0.00,0.00
2020.00,NYLI,NPCC Long Island,6455.00,107006755.55,54520630.66,109010920.55,55567316.66,10559287.47,5307000.49,4540.35,2194.46,600.05,6356303.58,1460308.83,187237.06,6402455.76,--,0.86,0.83,0.11,1203.93,0.14,0.02,1212.67,--,0.09,0.08,0.01,118.80,0.01,0.00,119.66,--,0.88,0.84,0.12,1227.75,0.14,0.02,1236.67,--,0.00,4.42,0.50,0.59,0.00,7.36,0.49,0.61,0.00,1.24,0.03,0.06,0.00,2035.08,1124.48,1145.39,0.00,0.08,0.02,0.02,0.00,0.02,0.00,0.00,0.00,2042.10,1125.67,1146.71,--,--,0.00,0.35,0.05,0.06,0.00,0.31,0.05,0.06,0.00,0.10,0.00,0.01,0.00,162.54,119.23,120.54,0.00,0.01,0.00,0.00,0.00,0.00,0.00,0.00,0.00,163.10,119.35,120.68,--,--,0.76,0.76,0.08,1260.58,0.03,0.00,1262.65,--,0.00,280449.67,9118920.39,0.00,0.00,955824.48,0.00,204930.00,0.00,0.00,-837.00,9398533.06,1160754.48,1160754.48,10354357.54,204930.00,0.00,0.03,0.86,0.00,0.00,0.09,0.00,0.02,0.00,0.00,0.00,0.89,0.11,0.11,0.98,0.02,0.00,215805.00,6681210.64,0.00,0.00,34942.24,0.00,0.00,0.00,0.00,0.00,0.00,0.03,0.96,0.00,0.00,0.01,0.00,0.00,0.00,0.00,0.00
2020.00,NYUP,NPCC Upstate NY,32907.80,180460691.79,90294141.24,484645157.90,214702939.29,84654341.66,37027463.54,4488.58,2063.03,1133.99,9883912.29,1377030.31,172017.86,9925689.45,--,0.11,0.11,0.03,233.51,0.02,0.00,234.50,--,0.05,0.05,0.01,109.54,0.01,0.00,110.00,--,0.38,0.40,0.10,832.42,0.06,0.01,835.94,--,3.40,2.32,0.21,0.26,0.00,2.21,0.22,0.25,6.33,1.03,0.02,0.07,2395.29,952.03,839.57,851.28,0.28,0.04,0.02,0.02,0.04,0.01,0.00,0.00,2414.13,956.27,840.63,852.50,--,--,0.29,0.27,0.03,0.04,,0.22,0.03,0.03,0.54,0.12,0.00,0.01,205.20,108.90,118.46,119.22,0.02,0.01,0.00,0.00,0.00,0.00,0.00,0.00,206.82,109.39,118.61,119.40,--,--,0.40,0.38,0.13,877.94,0.04,0.01,880.51,--,143691.53,39254.58,21930867.60,26562172.00,29208021.00,1640853.37,4521726.00,615103.40,0.00,5999.22,-13347.00,48668637.93,35985703.77,6777682.77,23747319.31,60907022.40,0.00,0.00,0.26,0.31,0.35,0.02,0.05,0.01,0.00,0.00,0.00,0.57,0.43,0.08,0.28,0.72,145586.00,239644.38,12414544.04,0.00,0.00,419821.02,0.00,0.00,0.00,0.00,0.00,0.01,0.02,0.94,0.00,0.00,0.03,0.00,0.00,0.00,0.00,0.00
2020.00,PRMS,Puerto Rico Miscellaneous,6448.60,180694810.74,80651628.80,184458370.74,82455905.80,18215877.99,8266433.01,35615.20,16051.04,39090.36,14592589.95,1548626.97,255963.88,14650086.41,--,3.91,3.88,4.29,1602.18,0.09,0.01,1608.50,--,0.39,0.40,0.43,161.52,0.01,0.00,162.15,--,4.01,3.98,4.40,1640.83,0.09,0.01,1647.29,--,2.45,5.13,2.36,3.99,2.42,4.87,2.39,3.96,1.91,6.96,0.04,4.40,2176.33,1726.72,1056.88,1640.55,0.26,0.07,0.02,0.09,0.04,0.01,0.00,0.01,2193.85,1732.18,1057.96,1647.02,--,--,0.23,0.49,0.27,0.39,0.23,0.47,0.27,0.40,0.18,0.66,0.00,0.43,205.91,163.24,119.24,161.52,0.02,0.01,0.00,0.01,0.00,0.00,0.00,0.00,207.57,163.76,119.36,162.15,--,--,4.60,4.50,5.55,1673.32,0.07,0.01,1678.81,--,3065857.00,9096815.72,5627109.21,0.00,0.00,0.00,142234.00,286758.65,0.00,0.00,-2897.00,17786884.93,428992.65,428992.65,17786884.93,428992.65,0.17,0.50,0.31,0.00,0.00,0.00,0.01,0.02,0.00,0.00,0.00,0.98,0.02,0.02,0.98,0.02,581273.71,7805958.34,1712360.81,0.00,0.00,0.00,0.00,0.00,0.00,0.00,0.00,0.06,0.77,0.17,0.00,0.00,0.00,0.00,0.00,0.00,0.00,0.00
2020.00,RFCE,RFC East,98447.30,1378367483.88,644638681.18,1461769823.52,676137058.06,283765352.79,127903369.31,41272.28,18306.90,36235.71,92572477.49,12787766.46,1703975.43,92986216.83,--,0.29,0.29,0.26,652.46,0.05,0.01,655.37,--,0.06,0.06,0.05,134.32,0.01,0.00,134.92,--,0.48,0.47,0.42,1074.60,0.07,0.01,1079.40,--,1.54,1.89,0.15,0.40,1.44,1.40,0.15,0.39,2.48,0.11,0.00,0.40,2219.63,1152.12,853.18,1072.11,0.25,0.02,0.02,0.05,0.04,0.00,0.00,0.01,2236.39,1153.40,854.04,1075.47,--,--,0.14,0.20,0.02,0.05,0.13,0.14,0.02,0.05,0.22,0.01,0.00,0.05,199.30,120.34,118.84,136.75,0.02,0.00,0.00,0.01,0.00,0.00,0.00,0.00,200.81,120.48,118.96,137.18,--,--,0.71,0.67,0.67,1233.44,0.09,0.01,1239.05,--,24332565.84,213078.03,142689620.59,102946816.00,3274026.00,4679524.59,3154115.00,2097704.11,0.00,369475.85,8426.00,270559982.32,13205369.70,9931343.70,172292690.91,111472661.11,0.09,0.00,0.50,0.36,0.01,0.02,0.01,0.01,0.00,0.00,0.00,0.95,0.05,0.03,0.61,0.39,17581250.31,2325192.15,46090848.27,0.00,0.00,1404913.06,0.00,0.00,0.00,76597.00,0.00,0.26,0.03,0.68,0.00,0.00,0.02,0.00,0.00,0.00,0.00,0.00
2020.00,RFCM,RFC Michigan,37358.10,609601317.96,273611256.40,674250424.92,293872307.36,85325786.61,34487800.60,26383.31,11718.07,34673.18,49192806.53,8646357.40,1224469.62,49480809.94,--,0.62,0.68,0.81,1153.06,0.10,0.01,1159.81,--,0.09,0.09,0.11,161.39,0.01,0.00,162.34,--,0.79,0.87,1.04,1474.25,0.13,0.02,1482.88,--,1.13,5.87,0.43,0.76,1.15,6.77,0.45,0.79,2.25,1.42,0.04,1.04,2229.86,1442.65,899.77,1499.12,0.25,0.04,0.02,0.12,0.04,0.01,0.00,0.02,2247.14,1446.17,900.70,1507.40,--,--,0.11,0.87,0.06,0.09,0.11,0.97,0.06,0.08,0.21,0.21,0.01,0.12,208.00,214.24,118.24,166.46,0.02,0.01,0.00,0.01,0.00,0.00,0.00,0.00,209.61,214.76,118.36,167.38,--,--,1.06,1.09,1.60,1725.70,0.16,0.02,1736.54,--,27960123.09,927905.59,35351257.87,12065901.00,-289966.00,1466673.41,6663479.00,150105.00,0.00,1030379.11,-71.37,77335495.29,7990291.41,8280257.41,66736267.70,18589519.00,0.33,0.01,0.41,0.14,0.00,0.02,0.08,0.00,0.00,0.01,0.00,0.91,0.09,0.10,0.78,0.22,19214299.50,110937.64,13619514.18,0.00,0.00,423358.93,0.00,0.00,0.00,0.00,0.00,0.58,0.00,0.41,0.00,0.00,0.01,0.00,0.00,0.00,0.00,0.00
2020.00,RFCW,RFC West,195885.80,2870838719.33,1337920570.91,3143681836.71,1421390484.93,496410170.99,215410598.19,145877.90,59942.13,164271.21,244476327.94,42895597.37,6142662.42,245926089.09,--,0.59,0.56,0.66,984.98,0.09,0.01,990.82,--,0.10,0.09,0.11,170.32,0.01,0.00,171.33,--,0.93,0.88,1.05,1559.42,0.14,0.02,1568.67,--,1.44,1.56,0.33,0.92,1.24,1.76,0.37,0.84,1.96,4.07,0.02,1.06,2170.50,2670.91,912.76,1583.82,0.25,0.08,0.02,0.14,0.04,0.02,0.00,0.02,2187.35,2677.48,913.70,1593.20,--,--,0.14,0.12,0.04,0.10,0.12,0.13,0.05,0.09,0.19,0.31,0.00,0.12,205.79,204.66,119.23,172.12,0.02,0.01,0.00,0.02,0.00,0.00,0.00,0.00,207.39,205.16,119.35,173.14,--,--,1.17,1.06,1.28,1810.42,0.17,0.03,1822.17,--,159396263.44,1440284.43,145750389.66,152433983.00,5562599.36,2862298.36,24022272.52,727803.88,0.00,3779128.97,435148.59,463119134.09,33174974.12,27612374.76,313547449.44,182746658.76,0.32,0.00,0.29,0.31,0.01,0.01,0.05,0.00,0.00,0.01,0.00,0.93,0.07,0.06,0.63,0.37,96472695.52,1140394.36,47020557.08,0.00,0.00,860119.38,0.00,0.00,0.00,45181.55,0.00,0.66,0.01,0.32,0.00,0.00,0.01,0.00,0.00,0.00,0.00,0.00
2020.00,RMPA,WECC Rockies,27483.40,422735905.16,181941683.01,628320691.62,269941547.58,64065080.81,27591048.93,19832.90,8192.71,10276.94,36670877.79,6464437.69,923111.15,36889226.78,--,0.62,0.59,0.32,1144.80,0.10,0.01,1151.62,--,0.09,0.09,0.05,173.49,0.02,0.00,174.53,--,0.97,0.93,0.50,1795.74,0.16,0.02,1806.43,--,1.41,-0.25,0.36,0.97,1.37,-0.26,0.37,0.93,0.89,-0.12,0.01,0.51,2385.92,-39.42,1043.48,1805.78,0.26,0.00,0.02,0.16,0.04,0.00,0.00,0.02,2403.91,-39.56,1044.50,1816.38,--,--,0.12,1.05,0.04,0.09,0.12,1.01,0.04,0.09,0.08,0.49,0.00,0.05,207.54,163.33,118.82,174.37,0.02,0.01,0.00,0.02,0.00,0.00,0.00,0.00,209.11,163.89,118.94,175.39,--,--,0.91,0.87,0.41,1651.93,0.13,0.02,1660.76,--,22383378.91,-189013.71,18400858.39,0.00,7426985.00,166481.15,14292370.00,1503694.00,0.00,20987.00,59340.00,40675550.60,23389530.15,15962545.15,40842031.75,23223049.00,0.35,0.00,0.29,0.00,0.12,0.00,0.22,0.02,0.00,0.00,0.00,0.63,0.37,0.25,0.64,0.36,11152405.14,3493.00,12813160.45,0.00,0.00,43667.00,0.00,0.00,0.00,49.25,0.00,0.46,0.00,0.53,0.00,0.00,0.00,0.00,0.00,0.00,0.00,0.00
2020.00,SPNO,SPP North,31547.90,349857991.72,174634279.94,569305859.73,261854945.91,70017393.47,31291542.19,16312.31,8009.46,5928.38,33399417.70,6991801.95,1010529.23,33637384.07,--,0.47,0.51,0.17,954.03,0.10,0.01,960.83,--,0.09,0.09,0.03,190.93,0.02,0.00,192.29,--,0.95,1.04,0.35,1943.33,0.20,0.03,1957.17,--,1.00,38.97,0.71,0.95,0.99,56.97,0.68,0.95,0.44,2.62,0.01,0.35,2226.31,4024.39,1005.35,1947.53,0.26,0.15,0.02,0.20,0.04,0.03,0.00,0.03,2244.00,4036.57,1006.39,1961.41,--,--,0.09,1.57,0.08,0.09,0.09,1.44,0.08,0.09,0.04,0.11,0.00,0.03,208.58,162.41,118.80,191.42,0.02,0.01,0.00,0.02,0.00,0.00,0.00,0.00,210.24,162.90,118.92,192.79,--,--,1.03,1.03,0.38,1969.95,0.21,0.03,1983.87,--,25942028.25,127694.35,8224830.77,10582482.00,188768.00,73895.00,24777672.00,95052.00,0.00,0.00,4971.00,44882006.36,25135387.00,24946619.00,34373419.36,35643974.00,0.37,0.00,0.12,0.15,0.00,0.00,0.35,0.00,0.00,0.00,0.00,0.64,0.36,0.36,0.49,0.51,17941212.79,16773.49,5391758.36,0.00,0.00,8876.30,0.00,0.00,0.00,0.00,0.00,0.77,0.00,0.23,0.00,0.00,0.00,0.00,0.00,0.00,0.00,0.00
2020.00,SPSO,SPP South,67203.40,950930639.05,481196105.17,1380996670.83,646933168.17,152288972.71,69972692.54,48345.91,25411.19,47715.47,70948080.68,9079369.87,1300561.82,71255356.51,--,0.64,0.73,0.63,931.76,0.06,0.01,935.79,--,0.10,0.11,0.10,149.22,0.01,0.00,149.86,--,0.93,1.07,0.92,1371.34,0.09,0.01,1377.28,--,1.58,1.12,0.63,0.93,1.68,1.12,0.65,0.99,2.72,1.54,0.03,0.90,2137.75,2303.59,1003.48,1402.63,0.23,0.14,0.02,0.09,0.03,0.02,0.00,0.01,2153.46,2313.50,1004.59,1408.48,--,--,0.15,0.10,0.07,0.10,0.15,0.10,0.08,0.11,0.25,0.13,0.00,0.10,199.33,198.37,118.53,151.09,0.02,0.01,0.00,0.01,0.00,0.00,0.00,0.00,200.79,199.22,118.66,151.72,--,--,1.19,1.25,1.11,1514.12,0.10,0.01,1520.85,--,27573930.19,2311222.85,70710234.73,0.00,6754912.00,2303176.10,41414600.29,646980.00,0.00,298685.11,275232.00,101169304.88,51119668.39,44364756.39,103472480.97,48816492.29,0.18,0.02,0.46,0.00,0.04,0.02,0.27,0.00,0.00,0.00,0.00,0.66,0.34,0.29,0.68,0.32,23183553.29,3848453.80,39034454.96,0.00,0.00,702575.11,0.00,0.00,0.00,63898.00,0.00,0.35,0.06,0.58,0.00,0.00,0.01,0.00,0.00,0.00,0.00,0.00
2020.00,SRMV,SERC Mississippi Valley,59192.40,912213705.46,441984115.20,941112047.48,453595067.25,159992962.12,73531498.27,45979.57,24757.30,37672.94,59226139.34,5048072.78,689931.11,59392039.99,--,0.58,0.67,0.47,740.36,0.03,0.00,742.43,--,0.10,0.11,0.08,129.85,0.01,0.00,130.22,--,0.78,0.91,0.64,1000.84,0.04,0.01,1003.64,--,1.60,0.80,0.70,0.79,1.74,0.44,0.82,0.91,4.15,11.97,0.03,0.62,2420.88,1526.35,884.80,1035.10,0.26,0.17,0.02,0.04,0.04,0.03,0.00,0.01,2438.32,1538.50,885.77,1037.77,--,--,0.14,0.12,0.10,0.10,0.15,0.09,0.11,0.11,0.36,1.77,0.00,0.08,209.69,225.78,119.07,132.89,0.02,0.02,0.00,0.01,0.00,0.00,0.00,0.00,211.20,227.57,119.20,133.23,--,--,0.95,1.11,1.02,1137.43,0.06,0.01,1141.04,--,11265932.45,1203939.03,101688993.73,38483570.00,2874710.00,1908687.79,0.00,281757.86,0.00,1979972.83,305397.78,154927805.81,5065155.65,2190445.65,118352923.60,41640037.86,0.07,0.01,0.64,0.24,0.02,0.01,0.00,0.00,0.00,0.01,0.00,0.97,0.03,0.01,0.74,0.26,8073440.90,2077118.00,54696174.22,0.00,0.00,983453.30,0.00,0.00,0.00,0.00,0.00,0.12,0.03,0.83,0.00,0.00,0.01,0.00,0.00,0.00,0.00,0.00
2020.00,SRMW,SERC Midwest,41435.80,823820332.65,362858591.17,893186000.69,386231267.24,108641153.29,46320699.06,62270.35,26699.80,139265.76,80432434.97,17001493.67,2456730.54,81011006.49,--,1.15,1.15,2.56,1480.70,0.16,0.02,1491.35,--,0.15,0.15,0.34,195.27,0.02,0.00,196.67,--,1.49,1.50,3.33,1925.41,0.20,0.03,1939.26,--,1.77,38.03,0.28,1.49,1.80,50.78,0.35,1.51,4.12,7.68,0.02,3.34,2160.01,3080.32,921.96,1930.89,0.25,0.10,0.02,0.20,0.04,0.02,0.00,0.03,2176.84,3088.84,923.18,1944.77,--,--,0.17,2.02,0.04,0.15,0.17,1.73,0.04,0.15,0.40,0.41,0.00,0.34,208.09,163.33,118.55,195.70,0.02,0.01,0.00,0.02,0.00,0.00,0.00,0.00,209.71,163.78,118.70,197.10,--,--,1.57,1.58,2.88,1866.46,0.19,0.03,1879.61,--,66855638.68,47325.74,16143771.01,17204601.00,1969489.00,164963.42,5840487.78,77996.00,0.00,74094.52,262786.22,100588217.17,8052936.20,6083447.20,83548579.59,25092573.78,0.62,0.00,0.15,0.16,0.02,0.00,0.05,0.00,0.00,0.00,0.00,0.93,0.07,0.06,0.77,0.23,23382207.63,5052.00,8293270.36,0.00,0.00,177228.46,0.00,0.00,0.00,16489.05,0.00,0.73,0.00,0.26,0.00,0.00,0.01,0.00,0.00,0.00,0.00,0.00
2020.00,SRSO,SERC South,92474.90,1521612627.48,746838569.66,1652489549.26,806038378.60,246150586.32,114540031.03,43852.92,20269.73,23231.05,105866752.42,14649165.32,2134720.80,106359571.99,--,0.36,0.35,0.19,860.18,0.06,0.01,864.18,--,0.06,0.05,0.03,139.15,0.01,0.00,139.80,--,0.48,0.47,0.25,1149.52,0.08,0.01,1154.87,--,0.84,1.69,0.24,0.44,0.76,1.95,0.26,0.43,0.37,1.35,0.02,0.13,1898.77,1332.64,892.35,1217.15,0.18,0.06,0.02,0.07,0.03,0.01,0.00,0.01,1910.71,1337.46,893.37,1221.69,--,--,0.08,0.26,0.03,0.05,0.07,0.30,0.03,0.05,0.04,0.21,0.00,0.02,186.94,208.57,119.24,145.88,0.02,0.01,0.00,0.01,0.00,0.00,0.00,0.00,188.12,209.33,119.38,146.42,--,--,0.69,0.64,0.31,1336.89,0.09,0.01,1343.22,--,38458687.95,230807.40,134938553.94,47601494.00,9660831.77,10481373.37,0.00,4695073.33,0.00,83283.21,480.92,221313307.41,24837278.47,15176446.70,184193186.78,61957399.10,0.16,0.00,0.55,0.19,0.04,0.04,0.00,0.02,0.00,0.00,0.00,0.90,0.10,0.06,0.75,0.25,33368419.24,201744.67,44304724.13,0.00,0.00,3398678.88,0.00,0.00,0.00,520.00,0.00,0.41,0.00,0.55,0.00,0.00,0.04,0.00,0.00,0.00,0.00,0.00
2020.00,SRTV,SERC Tennessee Valley,73576.60,1046818078.37,511075733.80,1292577792.89,615345751.92,211540763.67,95059567.01,37826.43,16965.02,49123.68,88231706.91,15883086.26,2287250.56,88767253.67,--,0.36,0.36,0.46,834.18,0.08,0.01,839.25,--,0.07,0.07,0.09,168.57,0.02,0.00,169.59,--,0.64,0.64,0.83,1485.56,0.13,0.02,1494.58,--,1.09,0.27,0.20,0.64,1.00,0.44,0.16,0.60,1.62,0.01,0.02,0.81,2153.08,1041.32,861.91,1503.28,0.25,0.02,0.02,0.13,0.04,0.00,0.00,0.02,2170.35,1042.36,862.88,1512.34,--,--,0.10,0.03,0.03,0.07,0.10,0.03,0.02,0.07,0.15,0.00,0.00,0.09,205.16,118.93,119.53,169.94,0.02,0.00,0.00,0.02,0.00,0.00,0.00,0.00,206.80,119.05,119.66,170.96,--,--,0.67,0.65,0.86,1511.84,0.14,0.02,1520.96,--,57525459.57,167847.61,59473451.07,65463045.00,26698592.00,1545203.02,39185.00,554440.20,0.00,73581.83,-42.00,182703343.08,28837420.22,2138828.22,118785501.10,92755262.20,0.27,0.00,0.28,0.31,0.13,0.01,0.00,0.00,0.00,0.00,0.00,0.86,0.14,0.01,0.56,0.44,37454392.43,325142.16,37935034.32,0.00,0.00,657860.20,0.00,0.00,0.00,0.00,0.00,0.49,0.00,0.50,0.00,0.00,0.01,0.00,0.00,0.00,0.00,0.00
2020.00,SRVC,SERC Virginia/Carolina,125469.20,1463192882.30,713217643.43,1671264787.42,799593969.22,326493675.15,145070402.26,46297.01,24224.39,28178.98,101720863.99,16295108.14,2290311.88,102238780.98,--,0.28,0.33,0.17,623.11,0.05,0.01,626.28,--,0.06,0.07,0.04,139.04,0.01,0.00,139.75,--,0.52,0.62,0.32,1148.92,0.09,0.01,1154.77,--,1.28,8.46,0.16,0.47,1.30,6.07,0.16,0.53,0.83,5.51,0.01,0.24,1964.90,2260.17,885.43,1182.73,0.23,0.07,0.02,0.07,0.03,0.01,0.00,0.01,1980.30,2265.78,886.37,1187.65,--,--,0.13,0.61,0.02,0.06,0.13,0.46,0.02,0.06,0.08,0.40,0.00,0.03,195.59,162.26,118.79,144.78,0.02,0.01,0.00,0.01,0.00,0.00,0.00,0.00,197.12,162.67,118.91,145.38,--,--,0.68,0.75,0.39,1323.90,0.11,0.02,1331.26,--,40994163.17,403528.93,126857328.58,127219904.00,9492172.00,8286265.60,1522810.00,11186922.85,0.00,331317.58,199264.00,296005506.25,30488170.45,20995998.45,177071867.85,149421808.85,0.13,0.00,0.39,0.39,0.03,0.03,0.00,0.03,0.00,0.00,0.00,0.91,0.09,0.06,0.54,0.46,39945586.16,83849.61,59385466.47,0.00,0.00,3359111.21,0.00,0.00,0.00,0.00,0.00,0.39,0.00,0.58,0.00,0.00,0.03,0.00,0.00,0.00,0.00,0.00